Date , FIT101 Total m3 , FIT210 Total m3 , FIT230 Total m3 , FIT250 Total m3 , FIT401 Total m3 
2024-01-01 12:43:00 AM,685.8483,315.5869,352.8335,229.3682,679.1983
2024-01-01 1:43:00 AM,686.2879,316.1357,353.3828,229.3682,679.6144
2024-01-01 2:43:00 AM,686.7274,316.5979,353.8558,229.3682,680.0539
2024-01-01 3:43:00 AM,687.1668,317.0377,354.3096,229.3682,680.4615
2024-01-01 4:43:00 AM,687.6063,317.4776,354.765,229.3682,680.7221
2024-01-01 5:43:00 AM,688.0458,317.9177,355.2224,229.3682,681.1597
2024-01-01 6:43:00 AM,688.4853,318.3574,355.6725,229.3682,681.5992
2024-01-01 7:43:00 AM,688.9246,318.7968,356.1169,229.3682,682.038
2024-01-01 8:43:00 AM,689.3641,319.2364,356.5592,229.3682,682.4323
2024-01-01 9:43:00 AM,690.4385,320.3188,356.9612,229.3682,682.6172
2024-01-01 10:43:00 AM,690.8779,320.7583,357.4006,229.3682,682.8369
2024-01-01 11:43:00 AM,691.3174,321.1978,357.8401,229.3682,683.0566
2024-01-01 12:43:00 PM,691.757,321.6373,358.2796,229.3682,683.2765
2024-01-01 1:43:00 PM,692.1964,322.0768,358.7191,229.3682,683.4962
2024-01-01 2:43:00 PM,692.636,322.5168,359.1591,229.3682,683.935
2024-01-01 3:43:00 PM,693.0755,322.9562,359.5987,229.3682,684.3745
2024-01-01 4:43:00 PM,693.515,323.3958,360.0387,229.3682,684.8139
2024-01-01 5:43:00 PM,693.9544,323.8354,360.4784,229.3682,685.2502
2024-01-01 6:43:00 PM,694.3939,324.2749,360.9178,229.3682,685.6095
2024-01-01 7:43:00 PM,694.8333,324.7144,361.3573,229.3682,685.8311
2024-01-01 8:43:00 PM,695.2728,325.1538,361.7968,229.3682,686.0847
2024-01-01 9:43:00 PM,695.7123,325.5934,362.2363,229.3682,686.3911
2024-01-01 10:43:00 PM,696.1518,326.0328,362.6758,229.3682,686.7164
2024-01-01 11:43:00 PM,696.5912,326.4723,363.1152,229.3682,687.0402
2024-01-02 12:43:00 AM,697.0307,326.9117,363.5547,229.3682,687.2726
2024-01-02 1:43:00 AM,697.4702,327.3512,363.9941,229.3682,687.4478
2024-01-02 2:43:00 AM,697.9096,327.7906,364.4336,229.3682,687.6814
2024-01-02 3:43:00 AM,698.3489,328.23,364.8729,229.3682,687.9047
2024-01-02 4:43:00 AM,698.7885,328.6696,365.3125,229.3682,688.1705
2024-01-02 5:43:00 AM,699.228,329.109,365.752,229.3682,688.4406
2024-01-02 6:43:00 AM,699.6674,329.5485,366.1914,229.3682,688.6934
2024-01-02 7:43:00 AM,700.107,329.988,366.631,229.3682,688.949
2024-01-02 8:43:00 AM,700.5466,330.428,367.071,229.3682,689.3538
2024-01-02 9:43:00 AM,700.986,330.8674,367.5104,229.3682,689.7932
2024-01-02 10:43:00 AM,701.4254,331.3068,367.9498,229.3682,690.2325
2024-01-02 11:43:00 AM,701.8649,331.7471,368.3903,229.3682,690.587
2024-01-02 12:43:00 PM,702.3044,332.1866,368.8297,229.3682,691.0264
2024-01-02 1:43:00 PM,702.744,332.6262,369.2693,229.3682,691.466
2024-01-02 2:43:00 PM,703.1833,333.0655,369.7086,229.3682,691.9053
2024-01-02 3:43:00 PM,703.6227,333.5049,370.1481,229.3682,692.3448
2024-01-02 4:43:00 PM,704.0625,333.9449,370.5884,229.3682,692.7842
2024-01-02 5:43:00 PM,704.502,334.3845,371.028,229.3682,693.2237
2024-01-02 6:43:00 PM,704.9414,334.8241,371.468,229.3682,693.6353
2024-01-02 7:43:00 PM,705.381,335.264,371.9086,229.3682,694.0749
2024-01-02 8:43:00 PM,705.8203,335.704,372.3503,229.3682,694.5136
2024-01-02 9:43:00 PM,706.2598,336.1434,372.7898,229.3682,694.9531
2024-01-02 10:43:00 PM,706.6992,336.5829,373.2292,229.3682,695.3925
2024-01-02 11:43:00 PM,707.1387,337.0223,373.6687,229.3682,695.832
2024-01-03 12:43:00 AM,707.5782,337.4619,374.1083,229.3682,696.2715
2024-01-03 1:43:00 AM,708.0176,337.9012,374.5476,229.3682,696.7109
2024-01-03 2:43:00 AM,708.4572,338.3408,374.9872,229.3682,697.1505
2024-01-03 3:43:00 AM,708.8966,338.7803,375.4266,229.3682,697.5899
2024-01-03 4:43:00 AM,709.3361,339.2197,375.8661,229.3682,698.0294
2024-01-03 5:43:00 AM,709.7755,339.6592,376.3055,229.3682,698.4688
2024-01-03 6:43:00 AM,710.2148,340.0985,376.7449,229.3682,698.9081
2024-01-03 7:43:00 AM,710.6544,340.5381,377.1844,229.3682,699.3477
2024-01-03 8:43:00 AM,711.0858,340.9727,377.6239,229.3682,699.7871
2024-01-03 9:43:00 AM,711.5091,341.4102,378.0634,229.3682,700.21
2024-01-03 10:43:00 AM,711.9424,341.8624,378.5022,229.3682,700.4387
2024-01-03 11:43:00 AM,712.3769,342.322,378.9378,229.3683,700.5297
2024-01-03 12:43:00 PM,712.823,342.7821,379.3773,229.3683,700.5719
2024-01-03 1:43:00 PM,713.2639,343.2386,379.8167,229.3683,700.5911
2024-01-03 2:43:00 PM,713.7048,343.6911,380.2563,229.3683,700.5994
2024-01-03 3:43:00 PM,714.1447,344.1376,380.6958,229.3683,700.6108
2024-01-03 4:43:00 PM,714.5849,344.5838,381.1352,229.3683,700.655
2024-01-03 5:43:00 PM,715.0244,345.0277,381.5746,229.3683,700.6567
2024-01-03 6:43:00 PM,715.4638,345.4708,382.014,229.3683,700.6711
2024-01-03 7:43:00 PM,715.9034,345.9136,382.4536,229.3683,700.6931
2024-01-03 8:43:00 PM,716.3428,346.3558,382.893,229.3683,700.7046
2024-01-03 9:43:00 PM,716.7822,346.7964,383.3325,229.3683,700.7147
2024-01-03 10:43:00 PM,717.2217,347.2369,383.7719,229.3683,700.738
2024-01-03 11:43:00 PM,717.6616,347.6772,384.2114,229.3683,700.7528
2024-01-04 12:43:00 AM,718.1011,348.117,384.651,229.3683,700.8133
2024-01-04 1:43:00 AM,718.5406,348.5565,385.0904,229.3683,700.8619
2024-01-04 2:43:00 AM,718.9799,348.9958,385.5298,229.3683,700.9011
2024-01-04 3:43:00 AM,719.4195,349.4354,385.9693,229.3683,700.9373
2024-01-04 4:43:00 AM,719.8588,349.8747,386.4087,229.3683,700.9874
2024-01-04 5:43:00 AM,720.2983,350.3142,386.8481,229.3683,701.0382
2024-01-04 6:43:00 AM,720.7379,350.7538,387.2877,229.3683,701.0652
2024-01-04 7:43:00 AM,721.1772,351.1931,387.727,229.3683,701.114
2024-01-04 8:43:00 AM,721.6168,351.6327,388.1666,229.3683,701.2018
2024-01-04 9:43:00 AM,722.0554,352.0702,388.606,229.3683,701.2103
2024-01-04 10:43:00 AM,722.4949,352.5097,389.0455,229.3683,701.2228
2024-01-04 11:43:00 AM,722.9229,352.94,389.485,229.3683,701.2577
2024-01-04 12:43:00 PM,723.363,353.3809,389.9244,229.3683,701.2924
2024-01-04 1:43:00 PM,723.8024,353.8226,390.3639,229.3683,701.3274
2024-01-04 2:43:00 PM,724.2419,354.2636,390.8033,229.3683,701.3643
2024-01-04 3:43:00 PM,724.6815,354.7054,391.2429,229.3683,701.4627
2024-01-04 4:43:00 PM,725.1209,355.145,391.6823,229.3683,701.5114
2024-01-04 5:43:00 PM,725.5604,355.5844,392.1218,229.3683,701.5667
2024-01-04 6:43:00 PM,725.9997,356.0237,392.5611,229.3683,701.6132
2024-01-04 7:43:00 PM,726.4393,356.4633,393.0007,229.3683,701.6575
2024-01-04 8:43:00 PM,726.8787,356.9027,393.4402,229.3683,701.6812
2024-01-04 9:43:00 PM,727.3182,357.3422,393.8796,229.3683,701.7366
2024-01-04 10:43:00 PM,727.7575,357.7815,394.3189,229.3683,701.7936
2024-01-04 11:43:00 PM,728.1971,358.2211,394.7585,229.3683,701.8399
2024-01-05 12:43:01 AM,728.6367,358.6607,395.1981,229.3683,701.8417
2024-01-05 1:43:00 AM,729.0761,359.1001,395.6375,229.3683,701.8444
2024-01-05 2:43:00 AM,729.5154,359.5395,396.0769,229.3683,701.848
2024-01-05 3:43:00 AM,729.9549,359.9789,396.5163,229.3683,701.8638
2024-01-05 4:43:00 AM,730.3943,360.4184,396.9558,229.3683,702.0609
2024-01-05 5:43:00 AM,730.8339,360.8579,397.3954,229.3683,702.2811
2024-01-05 6:43:00 AM,731.2734,361.2974,397.8348,229.3683,702.5952
2024-01-05 7:43:00 AM,731.7128,361.7371,398.2743,229.3683,703.0346
2024-01-05 8:43:00 AM,732.1522,362.1764,398.7136,229.3683,703.4711
2024-01-05 9:43:00 AM,732.5916,362.6158,399.153,229.3683,703.9015
2024-01-05 10:43:00 AM,733.0311,363.0553,399.5926,229.3683,704.3336
2024-01-05 11:43:00 AM,733.4706,363.4948,400.0321,229.3683,704.655
2024-01-05 12:43:00 PM,733.91,363.9342,400.4715,229.3683,704.9116
2024-01-05 1:43:00 PM,734.3495,364.3737,400.911,229.3683,705.3248
2024-01-05 2:43:00 PM,734.7889,364.8131,401.3504,229.3683,705.7625
2024-01-05 3:43:00 PM,735.2284,365.2526,401.7899,229.3683,706.1996
2024-01-05 4:43:00 PM,735.6678,365.692,402.2293,229.3683,706.6363
2024-01-05 5:43:00 PM,736.1074,366.1316,402.6689,229.3683,707.0701
2024-01-05 6:43:00 PM,736.5469,366.5711,403.1084,229.3683,707.4962
2024-01-05 7:43:00 PM,736.9863,367.0105,403.5478,229.3683,707.8958
2024-01-05 8:43:00 PM,737.4257,367.4499,403.9872,229.3683,708.2902
2024-01-05 9:43:00 PM,737.8652,367.8894,404.4267,229.3683,708.6152
2024-01-05 10:43:00 PM,738.3047,368.3289,404.8662,229.3683,709.0032
2024-01-05 11:43:00 PM,738.7441,368.7683,405.3056,229.3683,709.3918
2024-01-06 12:43:00 AM,739.1835,369.2077,405.745,229.3683,709.7737
2024-01-06 1:43:00 AM,739.623,369.6472,406.1845,229.3684,710.1583
2024-01-06 2:43:00 AM,740.0625,370.0868,406.624,229.3684,710.565
2024-01-06 3:43:00 AM,740.502,370.5263,407.0634,229.3684,711.0045
2024-01-06 4:43:00 AM,740.9415,370.9659,407.503,229.3684,711.444
2024-01-06 5:43:00 AM,741.3809,371.4052,407.9425,229.3684,711.877
2024-01-06 6:43:00 AM,741.8203,371.8446,408.3818,229.3684,712.2814
2024-01-06 7:43:00 AM,742.2597,372.284,408.8213,229.3684,712.6025
2024-01-06 8:43:00 AM,742.6993,372.7236,409.2608,229.3684,712.9173
2024-01-06 9:43:00 AM,743.1387,373.1631,409.7003,229.3684,713.2712
2024-01-06 10:43:00 AM,743.5782,373.6025,410.1397,229.3684,713.5981
2024-01-06 11:43:00 AM,744.0175,374.0418,410.5791,229.3684,713.8821
2024-01-06 12:43:00 PM,744.4572,374.4815,411.0186,229.3684,714.2111
2024-01-06 1:43:00 PM,744.8966,374.921,411.4581,229.3684,714.6467
2024-01-06 2:43:00 PM,745.3361,375.3604,411.8976,229.3684,715.0831
2024-01-06 3:43:00 PM,745.7755,375.7999,412.337,229.3684,715.5187
2024-01-06 4:43:00 PM,746.215,376.2393,412.7765,229.3684,715.9563
2024-01-06 5:43:00 PM,746.6545,376.6789,413.216,229.3684,716.3489
2024-01-06 6:43:00 PM,747.0939,377.1183,413.6554,229.3684,716.6587
2024-01-06 7:43:00 PM,747.5334,377.5578,414.0949,229.3684,716.9902
2024-01-06 8:43:00 PM,747.9728,377.9972,414.5343,229.3684,717.3218
2024-01-06 9:43:00 PM,748.4122,378.4366,414.9737,229.3684,717.6242
2024-01-06 10:43:00 PM,748.8518,378.8762,415.4133,229.3684,717.8956
2024-01-06 11:43:00 PM,749.2913,379.3156,415.8528,229.3684,718.1633
2024-01-07 12:43:00 AM,749.7307,379.7551,416.2922,229.3684,718.4193
2024-01-07 1:43:00 AM,750.1697,380.1941,416.7312,229.3684,718.6443
2024-01-07 2:43:00 AM,750.6091,380.6335,417.1706,229.3684,718.8683
2024-01-07 3:43:00 AM,751.0486,381.073,417.6101,229.3684,719.0922
2024-01-07 4:43:00 AM,751.4882,381.5125,418.0497,229.3684,719.3123
2024-01-07 5:43:00 AM,751.9276,381.952,418.4891,229.3684,719.532
2024-01-07 6:43:00 AM,752.3669,382.3913,418.9284,229.3684,719.7517
2024-01-07 7:43:00 AM,752.8065,382.8309,419.368,229.3684,719.9716
2024-01-07 8:43:00 AM,753.246,383.2704,419.8075,229.3684,720.1913
2024-01-07 9:43:00 AM,753.6855,383.7099,420.2469,229.3684,720.4865
2024-01-07 10:43:00 AM,754.1249,384.1494,420.6864,229.3684,720.8555
2024-01-07 11:43:00 AM,754.5643,384.5887,421.1257,229.3684,721.239
2024-01-07 12:43:00 PM,755.0038,385.0283,421.5653,229.3684,721.6417
2024-01-07 1:43:00 PM,755.4432,385.4677,422.0047,229.3684,721.8724
2024-01-07 2:43:00 PM,755.8828,385.9073,422.4443,229.3684,722.0922
2024-01-07 3:43:00 PM,756.3221,386.3466,422.8836,229.3684,722.3119
2024-01-07 4:43:00 PM,756.7616,386.7861,423.3231,229.3684,722.5317
2024-01-07 5:43:00 PM,757.201,387.2255,423.7625,229.3684,722.7515
2024-01-07 6:43:00 PM,757.6406,387.6651,424.2021,229.3684,722.9713
2024-01-07 7:43:00 PM,758.0801,388.1046,424.6416,229.3684,723.191
2024-01-07 8:43:00 PM,758.5194,388.5439,425.0809,229.3684,723.4106
2024-01-07 9:43:00 PM,758.9589,388.9834,425.5204,229.3684,723.7488
2024-01-07 10:43:00 PM,759.3984,389.423,425.9599,229.3684,724.1406
2024-01-07 11:43:00 PM,759.8379,389.8625,426.3994,229.3684,724.5225
2024-01-08 12:43:00 AM,760.2773,390.3018,426.8388,229.3684,724.7486
2024-01-08 1:43:00 AM,760.7168,390.7413,427.2783,229.3684,724.9772
2024-01-08 2:43:00 AM,761.1563,391.1807,427.7177,229.3684,725.2052
2024-01-08 3:43:00 AM,761.5957,391.6202,428.1572,229.3684,725.4299
2024-01-08 4:43:00 AM,762.0352,392.0596,428.5966,229.3684,725.6506
2024-01-08 5:43:00 AM,762.4746,392.4991,429.0361,229.3684,725.8703
2024-01-08 6:43:00 AM,762.9142,392.9387,429.4757,229.3684,726.0901
2024-01-08 7:43:00 AM,763.3536,393.3781,429.9151,229.3684,726.3104
2024-01-08 8:43:00 AM,763.7931,393.8176,430.3546,229.3684,726.5308
2024-01-08 9:43:00 AM,764.8351,394.8942,430.7514,229.3684,726.7027
2024-01-08 10:43:00 AM,765.2744,395.3335,431.1908,229.3684,726.9224
2024-01-08 11:43:00 AM,765.7141,395.7732,431.6303,229.3684,727.1807
2024-01-08 12:43:00 PM,766.1535,396.2127,432.0698,229.3684,727.559
2024-01-08 1:43:00 PM,766.5928,396.652,432.5091,229.3684,727.9706
2024-01-08 2:43:00 PM,767.0324,397.0916,432.9487,229.3684,728.4005
2024-01-08 3:43:00 PM,767.4718,397.5309,433.3882,229.3684,728.7084
2024-01-08 4:43:00 PM,767.9113,397.9703,433.8276,229.3684,728.9358
2024-01-08 5:43:00 PM,768.3507,398.4098,434.2671,229.3684,729.1745
2024-01-08 6:43:00 PM,768.7902,398.8492,434.7065,229.3684,729.4106
2024-01-08 7:43:00 PM,769.2297,399.2888,435.1461,229.3684,729.6365
2024-01-08 8:43:00 PM,769.6692,399.7283,435.5855,229.3684,729.8636
2024-01-08 9:43:00 PM,770.1086,400.1677,436.025,229.3684,730.0847
2024-01-08 10:43:00 PM,770.548,400.6071,436.4643,229.3684,730.3062
2024-01-08 11:43:00 PM,770.9875,401.0466,436.9039,229.3684,730.5269
2024-01-09 12:43:00 AM,771.427,401.4861,437.3434,229.3684,730.747
2024-01-09 1:43:00 AM,771.8665,401.9255,437.7828,229.3684,730.9673
2024-01-09 2:43:00 AM,772.3059,402.365,438.2223,229.3684,731.1873
2024-01-09 3:43:00 AM,772.7454,402.8045,438.6617,229.3684,731.4127
2024-01-09 4:43:00 AM,773.1849,403.244,439.1012,229.3684,731.7562
2024-01-09 5:43:00 AM,773.6243,403.6834,439.5406,229.3684,732.1779
2024-01-09 6:43:00 AM,774.064,404.123,439.9802,229.3684,732.4764
2024-01-09 7:43:00 AM,774.5034,404.5624,440.4196,229.3684,732.7004
2024-01-09 8:43:00 AM,774.9427,405.0017,440.859,229.3684,732.9239
2024-01-09 9:43:00 AM,775.3822,405.4412,441.2984,229.3684,733.146
2024-01-09 10:43:00 AM,775.8218,405.8808,441.738,229.3684,733.3688
2024-01-09 11:43:00 AM,776.2612,406.3202,442.1775,229.3684,733.5891
2024-01-09 12:43:00 PM,776.7007,406.7597,442.6169,229.3684,733.8089
2024-01-09 1:43:00 PM,777.14,407.199,443.0562,229.3684,734.0286
2024-01-09 2:43:01 PM,777.5493,407.6082,443.4657,229.3684,734.2321
2024-01-09 3:43:00 PM,777.9888,408.0478,443.9052,229.3685,734.4512
2024-01-09 4:43:00 PM,778.4285,408.4876,444.3446,229.3685,734.6711
2024-01-09 5:43:00 PM,778.868,408.9271,444.7841,229.3685,735.0573
2024-01-09 6:43:00 PM,779.3074,409.3665,445.2235,229.3685,735.4967
2024-01-09 7:43:00 PM,779.7469,409.806,445.663,229.3685,735.9362
2024-01-09 8:43:00 PM,780.1864,410.2456,446.1025,229.3685,736.3737
2024-01-09 9:43:00 PM,780.6257,410.6849,446.5419,229.3685,736.8116
2024-01-09 10:43:00 PM,781.0652,411.1244,446.9813,229.3685,737.2466
2024-01-09 11:43:00 PM,781.5046,411.5638,447.4208,229.3685,737.6843
2024-01-10 12:43:00 AM,781.9441,412.0033,447.8602,229.3685,738.1232
2024-01-10 1:43:00 AM,782.3837,412.4428,448.2998,229.3685,738.5614
2024-01-10 2:43:00 AM,782.8231,412.8823,448.7393,229.3685,738.9985
2024-01-10 3:43:00 AM,783.2625,413.3216,449.1786,229.3685,739.4337
2024-01-10 4:43:00 AM,783.702,413.7612,449.6182,229.3685,739.8702
2024-01-10 5:43:00 AM,784.1415,414.2007,450.0576,229.3685,740.2994
2024-01-10 6:43:00 AM,784.5809,414.6401,450.4971,229.3685,740.7243
2024-01-10 7:43:00 AM,785.0204,415.0796,450.9365,229.3685,741.1411
2024-01-10 8:43:00 AM,785.4598,415.519,451.376,229.3685,741.5453
2024-01-10 9:43:00 AM,785.8994,415.9586,451.8156,229.3685,741.931
2024-01-10 10:43:00 AM,786.3391,416.3982,452.255,229.3685,742.2728
2024-01-10 11:43:00 AM,786.7792,416.8377,452.6943,229.3685,742.5906
2024-01-10 12:43:00 PM,787.2192,417.2777,453.1338,229.3685,743.0285
2024-01-10 1:43:00 PM,787.6587,417.7172,453.5732,229.3685,743.468
2024-01-10 2:43:00 PM,788.0981,418.1566,454.0127,229.3685,743.9074
2024-01-10 3:43:00 PM,788.5378,418.5962,454.4523,229.3685,744.3325
2024-01-10 4:43:00 PM,788.9772,419.0357,454.8917,229.3685,744.7422
2024-01-10 5:43:00 PM,789.4166,419.475,455.3311,229.3685,745.1447
2024-01-10 6:43:00 PM,789.8561,419.9146,455.7706,229.3685,745.5133
2024-01-10 7:43:00 PM,790.2956,420.354,456.2101,229.3685,745.8552
2024-01-10 8:43:00 PM,790.735,420.7935,456.6495,229.3685,746.1945
2024-01-10 9:43:00 PM,791.1745,421.2329,457.089,229.3685,746.5035
2024-01-10 10:43:00 PM,791.614,421.6724,457.5284,229.3685,746.8234
2024-01-10 11:43:00 PM,792.0535,422.112,457.968,229.3685,747.1232
2024-01-11 12:43:00 AM,792.493,422.5514,458.4075,229.3685,747.4136
2024-01-11 1:43:00 AM,792.9323,422.9908,458.8468,229.3685,747.7115
2024-01-11 2:43:00 AM,793.3718,423.4302,459.2863,229.3685,747.9813
2024-01-11 3:43:00 AM,793.8112,423.8697,459.7257,229.3685,748.224
2024-01-11 4:43:00 AM,794.2508,424.3092,460.1653,229.3685,748.4644
2024-01-11 5:43:00 AM,794.6902,424.7487,460.6047,229.3685,748.7126
2024-01-11 6:43:00 AM,795.1297,425.1881,461.0442,229.3685,748.9643
2024-01-11 7:43:00 AM,795.5692,425.6278,461.4836,229.3685,749.2406
2024-01-11 8:43:00 AM,796.0087,426.0672,461.9231,229.3685,749.6699
2024-01-11 9:43:00 AM,796.4481,426.5067,462.3625,229.3685,750.106
2024-01-11 10:43:00 AM,796.8876,426.9461,462.802,229.3685,750.5433
2024-01-11 11:43:00 AM,797.327,427.3856,463.2415,229.3685,750.9229
2024-01-11 12:43:00 PM,797.7665,427.825,463.6809,229.3685,751.2123
2024-01-11 1:43:00 PM,798.2059,428.2645,464.1204,229.3685,751.5023
2024-01-11 2:43:00 PM,798.6455,428.704,464.5599,229.3685,751.785
2024-01-11 3:43:00 PM,799.085,429.1435,464.9994,229.3685,752.0607
2024-01-11 4:43:00 PM,799.5244,429.5829,465.4388,229.3685,752.3541
2024-01-11 5:43:00 PM,799.9639,430.0224,465.8783,229.3685,752.6139
2024-01-11 6:43:00 PM,800.4033,430.4619,466.3177,229.3685,752.8552
2024-01-11 7:43:00 PM,800.8428,430.9014,466.7572,229.3685,753.1436
2024-01-11 8:43:00 PM,801.2823,431.3409,467.1967,229.3685,753.5624
2024-01-11 9:43:00 PM,801.7217,431.7803,467.6361,229.3685,753.9919
2024-01-11 10:43:00 PM,802.1612,432.2198,468.0756,229.3685,754.4207
2024-01-11 11:43:00 PM,802.6006,432.6592,468.515,229.3685,754.8593
2024-01-12 12:43:00 AM,803.0401,433.0987,468.9545,229.3685,755.2955
2024-01-12 1:43:00 AM,803.4797,433.5383,469.394,229.3685,755.6791
2024-01-12 2:43:00 AM,803.9191,433.9778,469.8335,229.3685,756.0526
2024-01-12 3:43:00 AM,804.3586,434.4172,470.2729,229.3685,756.4308
2024-01-12 4:43:00 AM,804.7979,434.8565,470.7123,229.3685,756.8218
2024-01-12 5:43:00 AM,805.2374,435.296,471.1517,229.3685,757.2141
2024-01-12 6:43:00 AM,805.6769,435.7356,471.5912,229.3685,757.5644
2024-01-12 7:43:00 AM,806.1165,436.1751,472.0308,229.3685,757.9307
2024-01-12 8:43:00 AM,806.5559,436.6146,472.4702,229.3685,758.2003
2024-01-12 9:43:00 AM,806.9954,437.054,472.9097,229.3685,758.5917
2024-01-12 10:43:00 AM,807.4348,437.4935,473.3491,229.3685,758.8798
2024-01-12 11:43:00 AM,807.8743,437.9329,473.7886,229.3685,759.1178
2024-01-12 12:43:00 PM,808.3137,438.3724,474.228,229.3685,759.4539
2024-01-12 1:43:00 PM,808.7532,438.8118,474.6675,229.3685,759.7838
2024-01-12 2:43:00 PM,809.1926,439.2513,475.1069,229.3685,760.0877
2024-01-12 3:43:00 PM,809.6322,439.6909,475.5465,229.3685,760.3907
2024-01-12 4:43:00 PM,810.0717,440.1303,475.986,229.3685,760.7053
2024-01-12 5:43:00 PM,810.511,440.5696,476.4253,229.3685,761.012
2024-01-12 6:43:00 PM,810.9504,441.0091,476.8647,229.3685,761.3073
2024-01-12 7:43:00 PM,811.3899,441.4485,477.3042,229.3685,761.5893
2024-01-12 8:43:00 PM,811.8295,441.8882,477.7438,229.3685,761.9323
2024-01-12 9:43:00 PM,812.269,442.3277,478.1832,229.3685,762.3575
2024-01-12 10:43:00 PM,812.7084,442.7671,478.6227,229.3685,762.7918
2024-01-12 11:43:00 PM,813.1479,443.2066,479.0621,229.3685,763.2292
2024-01-13 12:43:00 AM,813.5873,443.646,479.5016,229.3685,763.5881
2024-01-13 1:43:00 AM,814.0267,444.0854,479.941,229.3685,763.895
2024-01-13 2:43:00 AM,814.4662,444.5249,480.3805,229.3685,764.2371
2024-01-13 3:43:00 AM,814.9056,444.9643,480.8199,229.3685,764.5951
2024-01-13 4:43:00 AM,815.3451,445.4038,481.2594,229.3685,764.9515
2024-01-13 5:43:00 AM,815.7847,445.8434,481.699,229.3685,765.2814
2024-01-13 6:43:00 AM,816.2241,446.2828,482.1384,229.3685,765.6169
2024-01-13 7:43:00 AM,816.6636,446.7223,482.5779,229.3685,765.9396
2024-01-13 8:43:00 AM,817.1029,447.1616,483.0172,229.3685,766.2222
2024-01-13 9:43:00 AM,817.5425,447.6012,483.4568,229.3685,766.5184
2024-01-13 10:43:00 AM,817.9819,448.0406,483.8962,229.3685,766.7847
2024-01-13 11:43:00 AM,818.4214,448.4801,484.3357,229.3685,767.0153
2024-01-13 12:43:00 PM,818.8609,448.9196,484.7751,229.3685,767.3513
2024-01-13 1:43:00 PM,819.3004,449.359,485.2146,229.3685,767.7626
2024-01-13 2:43:00 PM,819.7398,449.7985,485.6541,229.3685,768.1771
2024-01-13 3:43:00 PM,820.1793,450.2379,486.0935,229.3685,768.5273
2024-01-13 4:43:00 PM,820.6188,450.6775,486.5331,229.3685,768.7772
2024-01-13 5:43:00 PM,821.0583,451.1169,486.9725,229.3685,769.0295
2024-01-13 6:43:00 PM,821.4977,451.5564,487.412,229.3685,769.2878
2024-01-13 7:43:00 PM,821.9371,451.9957,487.8513,229.3685,769.5517
2024-01-13 8:43:00 PM,822.3765,452.4352,488.2908,229.3685,769.8139
2024-01-13 9:43:01 PM,822.8161,452.8748,488.7303,229.3685,770.0697
2024-01-13 10:43:00 PM,823.2556,453.3142,489.1698,229.3685,770.3083
2024-01-13 11:43:00 PM,823.695,453.7537,489.6093,229.3685,770.5531
2024-01-14 12:43:00 AM,824.1345,454.1932,490.0487,229.3685,770.9627
2024-01-14 1:43:00 AM,824.5736,454.6323,490.4878,229.3685,771.3909
2024-01-14 2:43:00 AM,825.0131,455.0717,490.9272,229.3685,771.8279
2024-01-14 3:43:00 AM,825.4525,455.5112,491.3667,229.3685,772.2257
2024-01-14 4:43:00 AM,825.8919,455.9506,491.8062,229.3685,772.5941
2024-01-14 5:43:00 AM,826.3315,456.3902,492.2457,229.3685,772.9426
2024-01-14 6:43:00 AM,826.7709,456.8297,492.6852,229.3685,773.2622
2024-01-14 7:43:00 AM,827.2103,457.269,493.1245,229.3685,773.5719
2024-01-14 8:43:00 AM,827.6497,457.7084,493.564,229.3685,773.8575
2024-01-14 9:43:00 AM,828.0893,458.148,494.0035,229.3685,774.1061
2024-01-14 10:43:00 AM,828.5286,458.5873,494.4429,229.3685,774.3305
2024-01-14 11:43:00 AM,828.9682,459.0269,494.8824,229.3685,774.5546
2024-01-14 12:43:00 PM,829.4077,459.4665,495.3219,229.3685,774.7861
2024-01-14 1:43:00 PM,829.8472,459.9059,495.7614,229.3685,775.0551
2024-01-14 2:43:00 PM,830.2866,460.3454,496.2008,229.3685,775.4266
2024-01-14 3:43:00 PM,830.7261,460.7849,496.6403,229.3685,775.839
2024-01-14 4:43:00 PM,831.1655,461.2243,497.0797,229.3685,776.2542
2024-01-14 5:43:00 PM,831.605,461.6638,497.5192,229.3685,776.6741
2024-01-14 6:43:00 PM,832.0444,462.1032,497.9586,229.3685,776.9355
2024-01-14 7:43:00 PM,832.4839,462.5426,498.3981,229.3685,777.1931
2024-01-14 8:43:00 PM,832.9233,462.9821,498.8375,229.3685,777.4423
2024-01-14 9:43:00 PM,833.3629,463.4217,499.2771,229.3685,777.6983
2024-01-14 10:43:00 PM,833.8024,463.8611,499.7166,229.3685,777.9659
2024-01-14 11:43:00 PM,834.2418,464.3006,500.156,229.3685,778.2095
2024-01-15 12:43:00 AM,834.6812,464.7399,500.5953,229.3685,778.4496
2024-01-15 1:43:00 AM,835.1207,465.1795,501.0349,229.3685,778.6987
2024-01-15 2:43:00 AM,835.5602,465.6189,501.4744,229.3685,778.9513
2024-01-15 3:43:00 AM,835.9996,466.0584,501.9138,229.3685,779.1948
2024-01-15 4:43:00 AM,836.4391,466.4979,502.3533,229.3685,779.5367
2024-01-15 5:43:00 AM,836.8785,466.9373,502.7927,229.3685,779.9597
2024-01-15 6:43:00 AM,837.318,467.3768,503.2322,229.3685,780.3605
2024-01-15 7:43:00 AM,837.7574,467.8162,503.6716,229.3685,780.7732
2024-01-15 8:43:00 AM,838.197,468.2558,504.1112,229.3685,781.1406
